# x_m, y_m, w_tr_right_m, w_tr_left_m
21921.320654775842,51752.97401706797,6.004547452967101,6.004547452967101
21921.707158562815,51757.43338265296,5.945492119856819,5.945492119856819
21922.18724471992,51761.884575725264,6.000602351229211,6.000602351229211
21922.694506129894,51766.33335381197,6.059993455123831,6.059993455123831
21923.184508681756,51770.78370504422,6.111250558457118,6.111250558457118
21923.604285990754,51775.24035595592,6.095361915081787,6.095361915081787
21924.06573599097,51779.693445611425,6.111999161740417,6.111999161740417
21924.5239392941,51784.146912185584,6.097834362069228,6.097834362069228
21924.961453812735,51788.60220311899,6.112983885133748,6.112983885133748
21925.433371019884,51793.05443409357,6.1121413114087675,6.1121413114087675
21925.900982259256,51797.506968704125,6.111335860254441,6.111335860254441
21926.369198512548,51801.959372886035,6.100452870196904,6.100452870196904
21926.778203877144,51806.416914949456,6.066914693360837,6.066914693360837
21927.227108869953,51810.87093399803,6.0649554593863115,6.0649554593863115
21927.68038506069,51815.32455210561,6.064343816146301,6.064343816146301
21928.1211001712,51819.779261586664,6.069715954445429,6.069715954445429
21928.606269017902,51824.23006094008,6.094408193481911,6.094408193481911
21929.032175166205,51828.68606221644,6.04980867275026,6.04980867275026
21929.50474524207,51833.13796641502,6.030970505385999,6.030970505385999
21929.964478779893,51837.59100678501,6.027549513955071,6.027549513955071
21930.432898849103,51842.04329653361,6.072383412364525,6.072383412364525
21930.894473325978,51846.496208437515,6.045821807183613,6.045821807183613
21931.413790687944,51850.94406198498,6.057713184837017,6.057713184837017
21931.889257336617,51855.395809190624,6.118089349804938,6.118089349804938
21932.250523585186,51859.85764729427,6.0262794788587035,6.0262794788587035
21932.710402596695,51864.31084561495,5.992992799611178,5.992992799611178
21933.191654178576,51868.762213907146,6.017539647309511,6.017539647309511
21933.588206614484,51873.22106469414,5.991094983738433,5.991094983738433
21934.05170530604,51877.67404684171,6.020766370568644,6.020766370568644
21934.464893259017,51882.13141515066,6.006506596498993,6.006506596498993
21934.773818591908,51886.59783415979,5.903574622781305,5.903574622781305
21935.19389381577,51891.05440321351,5.902742494960843,5.902742494960843
21935.643962839356,51895.50824924822,5.922716294407615,5.922716294407615
21936.041076065514,51899.96670816351,5.903927544415054,5.903927544415054
21936.42456154309,51904.42640603698,5.8590375238857275,5.8590375238857275
21936.79826616383,51908.88703354001,5.866959924091211,5.866959924091211
21937.24074742585,51913.341691752794,5.839812519420519,5.839812519420519
21937.608808206583,51917.80294485635,5.80621332660043,5.80621332660043
21937.947092758302,51922.266827436455,5.764843492466107,5.764843492466107
21938.40236039244,51926.72042988212,5.769312599393099,5.769312599393099
21938.79314295431,51931.17968369164,5.722556679985636,5.722556679985636
21939.197138857846,51935.63776384403,5.697202315264959,5.697202315264959
21939.58455660508,51940.09728846009,5.677915661531013,5.677915661531013
21939.98333169541,51944.55580574931,5.70762342824461,5.70762342824461
21940.3658593602,51949.01573945329,5.633339973835706,5.633339973835706
21940.757035671744,51953.47490581941,5.5995107356842295,5.5995107356842295
21941.09903670664,51957.93837942143,5.535788271563934,5.535788271563934
21941.521993997034,51962.39474350843,5.576410955392205,5.576410955392205
21941.911152608674,51966.854067698936,5.5766264626848905,5.5766264626848905
21942.31170387358,51971.3123877155,5.542884670713454,5.542884670713454
21942.683870262772,51975.773194923975,5.486040421722721,5.486040421722721
21943.092223538835,51980.23082370247,5.485577690622416,5.485577690622416
21943.500620069015,51984.688446358574,5.4857779853747,5.4857779853747
21943.84641096746,51989.15156299927,5.417015573993306,5.417015573993306
21944.26929864593,51993.607911508116,5.4684378674198415,5.4684378674198415
21944.61398085307,51998.07112592996,5.43810104800021,5.43810104800021
21944.95517175219,52002.534648460976,5.4154394460815185,5.4154394460815185
21945.34052887804,52006.994294549586,5.447863948263352,5.447863948263352
21945.71853214572,52011.45458835824,5.335125707829827,5.335125707829827
21946.08169096846,52015.91618842828,5.277740460379294,5.277740460379294
21946.488055068432,52020.37399648473,5.306416239126771,5.306416239126771
21946.873662817583,52024.83363078195,5.3382195493410745,5.3382195493410745
21947.226647660988,52029.296134344,5.232585773284742,5.232585773284742
21947.632917566407,52033.753960960414,5.209063404344386,5.209063404344386
21948.00291844236,52038.21497770306,5.163237697033209,5.163237697033209
21948.349321395966,52042.67807157572,5.188308515190953,5.188308515190953
21948.76015129945,52047.13551044927,5.176033240460568,5.176033240460568
21949.137518462303,52051.595893273654,5.11947393855885,5.11947393855885
21949.487192587465,52056.058712736645,5.077078404264978,5.077078404264978
21949.829375790163,52060.52219398198,5.080395541291118,5.080395541291118
21950.206125620993,52064.98264395252,5.010147361307659,5.010147361307659
21950.594693575367,52069.44206088444,4.991223271899295,4.991223271899295
21950.951917221442,52073.90423345243,4.935752869537003,4.935752869537003
21951.31544304469,52078.36585645436,4.923279229347482,4.923279229347482
21951.713269871136,52082.824473907356,4.9154660989294126,4.9154660989294126
21952.098722060335,52087.28418140963,4.9098623976189355,4.9098623976189355
21952.45584762551,52091.746376421856,4.882788307091416,4.882788307091416
21952.891851860026,52096.20166058194,4.829515149806658,4.829515149806658
21953.26152887837,52100.66276250034,4.788113717249674,4.788113717249674
21953.623994792135,52105.12449840101,4.750211537220949,4.750211537220949
21954.002743989753,52109.584810357745,4.765798346107893,4.765798346107893
21954.418313600458,52114.0419025024,4.800830908681173,4.800830908681173
21954.83338053916,52118.49904330906,4.774052723220155,4.774052723220155
21955.187362037104,52122.96152946227,4.730745083198693,4.730745083198693
21955.595288275654,52127.41930040456,4.712432245963245,4.712432245963245
21956.028162174298,52131.87489514635,4.768301693387639,4.768301693387639
21956.44639291706,52136.33177313593,4.802513934230215,4.802513934230215
21956.86824813413,52140.788337845006,4.781045663690373,4.781045663690373
21957.263842964803,52145.24719608728,4.809103743649243,4.809103743649243
21957.65754477695,52149.706219419764,4.823568616911543,4.823568616911543
21958.065275040597,52154.16401939254,4.808959654834245,4.808959654834245
21958.42817774404,52158.62572398216,4.749353946624962,4.749353946624962
21958.865072583132,52163.0809812802,4.758773671472029,4.758773671472029
21959.229671313326,52167.542531149724,4.792527759992535,4.792527759992535
21959.643886155623,52171.9997584324,4.818146774866663,4.818146774866663
21960.032951285073,52176.459169563306,4.784219819990562,4.784219819990562
21960.476818283605,52180.913810247584,4.790253761751235,4.790253761751235
21960.866480800927,52185.37315794201,4.79341835388423,4.79341835388423
21961.300377304797,52189.828654000215,4.78526171133991,4.78526171133991
21961.668199851018,52194.289882430625,4.745217161215294,4.745217161215294
21962.10505718198,52198.74510349257,4.7749540472999685,4.7749540472999685
21962.547941577974,52203.19979029297,4.732339307490401,4.732339307490401
21962.889056352367,52207.66330247861,4.749576788791806,4.749576788791806
21963.28941407029,52212.121654980685,4.75757225435122,4.75757225435122
21963.720332593042,52216.577336926945,4.816193630192663,4.816193630192663
21964.17006000057,52221.03136604523,4.751050842130248,4.751050842130248
21964.57714393197,52225.48907865891,4.808270612359513,4.808270612359513
21964.97703872328,52229.94739372603,4.821453536084701,4.821453536084701
21965.366924887207,52234.40655551413,4.755083387415445,4.755083387415445
21965.71493759351,52238.869336264295,4.7670529279641505,4.7670529279641505
21966.144106229458,52243.32502713107,4.774592348574604,4.774592348574604
21966.55028073123,52247.782691591856,4.709772868707328,4.709772868707328
21966.922331017988,52252.24330932804,4.77164242969285,4.77164242969285
21967.38421190956,52256.69607007558,4.823725433587213,4.823725433587213
21967.73265647339,52261.158730017574,4.754666691702478,4.754666691702478
21968.131438547887,52265.61699925676,4.752719564193659,4.752719564193659
21968.546966560207,52270.07382245267,4.805983141220842,4.805983141220842
21968.954119857437,52274.531416651305,4.817515752758378,4.817515752758378
21969.381883815862,52278.98726333529,4.80201749648679,4.80201749648679
21969.830437289762,52283.44137167162,4.843286694172361,4.843286694172361
21970.253651634688,52287.897819138,4.825234277803042,4.825234277803042
21970.592053462737,52292.361843741135,4.791503254100408,4.791503254100408
21971.017253649115,52296.81844990712,4.796975182361177,4.796975182361177
21971.35687381847,52301.282741838426,4.788293588385251,4.788293588385251
21971.77412827184,52305.74050186137,4.769458698005702,4.769458698005702
21972.18430014294,52310.19927586085,4.800626704071201,4.800626704071201
21972.596388737824,52314.65804180503,4.765615142788773,4.765615142788773
21972.987509307102,52319.11765956538,4.782592532416362,4.782592532416362
21973.427069249447,52323.56999280628,4.805423340673438,4.805423340673438
21973.846503134908,52328.017689271604,4.802722551569192,4.802722551569192
21974.222261785173,52332.45883839613,4.7872945045368684,4.7872945045368684
21974.609052403026,52336.884711835315,4.788001691571125,4.788001691571125
21975.010210246262,52341.29073655582,4.770478904473244,4.770478904473244
21975.43043546791,52345.67264711332,4.768649019323215,4.768649019323215
21975.845698210665,52350.038692461065,4.8198108402992625,4.8198108402992625
21976.255531797346,52354.424096792194,4.87929281797577,4.87929281797577
21976.630009323657,52358.941470493766,4.949019026720366,4.949019026720366
21977.288941343715,52363.70325405756,5.2711927212203,5.2711927212203
21979.004414973366,52368.486755723854,5.227250498572921,5.227250498572921
21982.570685061713,52372.17713554138,5.017218065927369,5.017218065927369
21987.421331976147,52373.843522798445,4.955146365958741,4.955146365958741
21992.330583921786,52374.04947555585,5.027690609378338,5.027690609378338
21996.94259592471,52373.74280795242,5.012198491662996,5.012198491662996
22001.47508454974,52373.25667479285,4.9752061293714505,4.9752061293714505
22006.197346369656,52372.954475244966,4.905253216804513,4.905253216804513
22011.19447254881,52373.54124954017,5.079222038083541,5.079222038083541
22015.899154707993,52375.8045141809,5.043307313137316,5.043307313137316
22019.42077883725,52379.685041719364,4.981317023295387,4.981317023295387
22021.53433163619,52384.33254393753,5.081992936471187,5.081992936471187
22021.95133554943,52389.252819566675,5.297293989877344,5.297293989877344
22021.05815271024,52393.947112796915,5.066422811370894,5.066422811370894
22019.889284397483,52398.31146642582,4.857651298968852,4.857651298968852
22018.796147907684,52402.54714445464,4.842400502977557,4.842400502977557
22017.63978885156,52406.756149684814,4.771950272078523,4.771950272078523
22016.521187887858,52410.99867605494,4.777295152489991,4.777295152489991
22015.346632760644,52415.26337038345,4.750918629513327,4.750918629513327
22014.18178525203,52419.560028871725,4.7640217405854,4.7640217405854
22013.023386005956,52423.87836756935,4.790449644579697,4.790449644579697
22011.90297446368,52428.21757748895,4.796792660589778,4.796792660589778
22010.783539840646,52432.560297608,4.805539596589869,4.805539596589869
22009.58417689374,52436.8806973388,4.777494976104899,4.777494976104899
22008.467862310514,52441.22038713391,4.799803002345451,4.799803002345451
22007.294719846497,52445.54343950798,4.774223223969612,4.774223223969612
22006.16714312767,52449.87887454409,4.785992561781517,4.785992561781517
22005.094509605147,52454.22998916611,4.8676850777002905,4.8676850777002905
22003.957180261066,52458.56665050651,4.862624400329938,4.862624400329938
22002.798699017185,52462.901358624404,4.8247591209010166,4.8247591209010166
22001.665222534164,52467.246731611514,4.83394323689308,4.83394323689308
22000.567163179156,52471.6057002745,4.8295822763489795,4.8295822763489795
21999.510642811707,52475.97964568123,4.850547417962942,4.850547417962942
21998.481713335088,52480.36506383684,4.866412516295291,4.866412516295291
21997.498510593286,52484.76562953797,4.838716140687661,4.838716140687661
21996.638652664737,52489.195711831635,4.876367680988067,4.876367680988067
21995.79147089632,52493.63088809489,4.851981584888253,4.851981584888253
21995.003941839987,52498.07927692006,4.799749966666861,4.799749966666861
21994.308350836553,52502.54363071085,4.775003559826303,4.775003559826303
21993.763183691117,52507.028809873205,4.797882260950219,4.797882260950219
21993.156910616475,52511.504000378336,4.750959234756759,4.750959234756759
21992.68721205678,52515.99543286918,4.698264445120097,4.698264445120097
21992.284104616854,52520.493363061236,4.718613024292236,4.718613024292236
21991.895178167244,52524.99409690481,4.711460327346551,4.711460327346551
21991.61100562632,52529.50664252275,4.701094358723318,4.701094358723318
21991.342277398187,52534.02577335232,4.630323603959839,4.630323603959839
21991.183951358456,52538.55370810283,4.648963440922086,4.648963440922086
21991.145236418495,52543.08396736739,4.7351269840644425,4.7351269840644425
21991.139791220703,52547.60560077986,4.726604800976246,4.726604800976246
21991.20902538501,52552.108608226714,4.689398021212176,4.689398021212176
21991.41468622091,52556.59106364764,4.712751631479186,4.712751631479186
21991.670815801714,52561.06265044471,4.654502274667167,4.654502274667167
21991.919857205008,52565.53167886772,4.617464493951255,4.617464493951255
21992.213466021276,52569.99988737783,4.599758559120202,4.599758559120202
21992.55084681652,52574.46852050928,4.60886670446213,4.60886670446213
21992.993919466262,52578.93430292167,4.719077080907204,4.719077080907204
21993.366919916465,52583.40192686175,4.747308522274044,4.747308522274044
21993.687337700583,52587.870834931215,4.733738682737477,4.733738682737477
21994.02474967915,52592.33893223453,4.757073621270949,4.757073621270949
21994.353712338037,52596.80719043102,4.740741640174078,4.740741640174078
21994.662530325768,52601.27605020323,4.6854418022657285,4.6854418022657285
21995.066052300062,52605.74201033682,4.735838191018966,4.735838191018966
21995.42276645691,52610.2094332698,4.738319685197962,4.738319685197962
21995.792291821264,52614.67646530612,4.734925408435521,4.734925408435521
21996.13670983407,52619.14425186264,4.705890989602571,4.705890989602571
21996.520919525334,52623.610779177994,4.734725101127083,4.734725101127083
21996.89743453598,52628.07752666554,4.696671936701917,4.696671936701917
21997.26985455625,52632.54444286648,4.733165432721744,4.733165432721744
21997.595689366666,52637.01294323487,4.676787712112723,4.676787712112723
21997.969182955505,52641.48036528135,4.670074200503049,4.670074200503049
21998.340152172146,52645.94840911422,4.658025515275996,4.658025515275996
21998.72344023497,52650.41598863361,4.642014744553684,4.642014744553684
21999.04487826816,52654.882556253026,4.628987798436543,4.628987798436543
21999.40825799896,52659.338157311766,4.659878280175727,4.659878280175727
21999.797844958604,52663.77767705334,4.656720298311606,4.656720298311606
22000.180693169357,52668.203221351265,4.670965832463098,4.670965832463098
22000.60826804053,52672.61720188623,4.726130893738292,4.726130893738292
22000.9619175695,52677.03340803814,4.6829714033513214,4.6829714033513214
22001.34359165265,52681.448824269435,4.67480107994514,4.67480107994514
22001.779979763858,52685.86168600999,4.678208845561169,4.678208845561169
22002.217285654355,52690.27928337273,4.723891867568665,4.723891867568665
22002.74682620734,52694.68915625157,4.725471516794721,4.725471516794721
22003.338139909138,52699.094511430754,4.810334199003774,4.810334199003774
22003.9669626749,52703.499382214155,4.86437083615352,4.86437083615352
22004.66992038543,52707.89638255241,4.81965531510598,4.81965531510598
22005.37703337625,52712.300255849615,4.737615023694523,4.737615023694523
22006.251505449996,52716.672684571415,4.685050884600945,4.685050884600945
22007.168660867814,52721.04050317449,4.65842113993946,4.65842113993946
22008.16981740718,52725.392223118295,4.621446443440541,4.621446443440541
22009.173738294117,52729.75006745903,4.635294586627371,4.635294586627371
22010.328764516562,52734.06947292699,4.6137176533222375,4.6137176533222375
22011.51836082709,52738.38366996821,4.7318603564961395,4.7318603564961395
22012.81419225603,52742.66816435792,4.739139623781533,4.739139623781533
22014.22314716431,52746.917250687795,4.810829208701448,4.810829208701448
22015.736894389258,52751.13053063702,4.811882415186773,4.811882415186773
22017.254082278712,52755.34529153941,4.814729488596711,4.814729488596711
22018.752301277033,52759.57286654126,4.818327625299071,4.818327625299071
22020.32932503592,52763.773976676006,4.798721003605717,4.798721003605717
22022.004100961087,52767.93813401537,4.783971005059713,4.783971005059713
22023.737594168248,52772.08069147286,4.7409092852930454,4.7409092852930454
22025.558427034124,52776.186757556075,4.752691047258239,4.752691047258239
22027.41985248011,52780.277438523364,4.808747411461474,4.808747411461474
22029.3334609504,52784.34664320321,4.8417547247176875,4.8417547247176875
22031.27602207455,52788.40629007292,4.817534253401531,4.817534253401531
22033.317987312163,52792.41748571045,4.768479761282492,4.768479761282492
22035.481105503088,52796.36425221712,4.790049522728396,4.790049522728396
22037.665639269246,52800.30157675913,4.805042204675813,4.805042204675813
22039.852079298624,52804.24245847565,4.765928509670861,4.765928509670861
22042.128025528124,52808.13315935373,4.734865267960521,4.734865267960521
22044.513117583912,52811.957702210406,4.741537254552745,4.741537254552745
22046.91955989098,52815.77122331232,4.765431837526624,4.765431837526624
22049.434652647527,52819.51368534188,4.79634233181926,4.79634233181926
22051.954570860376,52823.255197697734,4.769266738872745,4.769266738872745
22054.560205442016,52826.93780364681,4.785587446889607,4.785587446889607
22057.201412277354,52830.59642861452,4.735862512431163,4.735862512431163
22059.905068898646,52834.20992533211,4.7052988958407065,4.7052988958407065
22062.699766417318,52837.753358074726,4.758680528912974,4.758680528912974
22065.484062821517,52841.3068336053,4.7228018992922145,4.7228018992922145
22068.385295740554,52844.76487510213,4.786064778540872,4.786064778540872
22071.29114094792,52848.21982523387,4.768853274331629,4.768853274331629
22074.2771652137,52851.605644948766,4.767740533592642,4.767740533592642
22077.348074107227,52854.91439448764,4.761341486742903,4.761341486742903
22080.411978589735,52858.229145450765,4.762845465812288,4.762845465812288
22083.5659846355,52861.45803987277,4.73364018121095,4.73364018121095
22086.775654659992,52864.63077608698,4.754402669927958,4.754402669927958
22090.042349225165,52867.743734462885,4.815377552673274,4.815377552673274
22093.351842453536,52870.80946965721,4.854574973410151,4.854574973410151
22096.661660982267,52873.87259738529,4.834447949473829,4.834447949473829
22100.017365800355,52876.884665215635,4.805901506212009,4.805901506212009
22103.423075667197,52879.83923382856,4.782481795271999,4.782481795271999
22106.88028754456,52882.732331127656,4.784051177407748,4.784051177407748
22110.381676960555,52885.57027735197,4.773306243051086,4.773306243051086
22113.918725515614,52888.36165401311,4.820508023479268,4.820508023479268
22117.51201799407,52891.07913582718,4.84968827769399,4.84968827769399
22121.133179382694,52893.756262662355,4.777025704794831,4.777025704794831
22124.75931354141,52896.42299814559,4.742823072263022,4.742823072263022
22128.399821413375,52899.06820591903,4.701427951064936,4.701427951064936
22132.11175058321,52901.61225421427,4.7123118807799536,4.7123118807799536
22135.83469982154,52904.13692750128,4.738100505396269,4.738100505396269
22139.53863132119,52906.68801221035,4.749113042056722,4.749113042056722
22143.33719583725,52909.09652991951,4.741953449674733,4.741953449674733
22147.15589268981,52911.470260012764,4.778288641634481,4.778288641634481
22151.03416935126,52913.74528511234,4.8351353300031805,4.8351353300031805
22154.910928367557,52916.01751713211,4.811970205626852,4.811970205626852
22158.809697792683,52918.24938556476,4.7512471096314295,4.7512471096314295
22162.66575787273,52920.554041555784,4.6914030119667105,4.6914030119667105
22166.566190199366,52922.78313893079,4.64831697878493,4.64831697878493
22170.537283042802,52924.88373390447,4.6724334638154374,4.6724334638154374
22174.514666927967,52926.970630052834,4.681645401564809,4.681645401564809
22178.513374435588,52929.01585074642,4.676895757069466,4.676895757069466
22182.52230830912,52931.04115576642,4.640060461051888,4.640060461051888
22186.59286026834,52932.93969778431,4.6298410674899495,4.6298410674899495
22190.66065337329,52934.842053272776,4.630701064602121,4.630701064602121
22194.759080333963,52936.67706018316,4.638168390034003,4.638168390034003
22198.86945058,52938.4845104607,4.64143540978403,4.64143540978403
22203.020286068968,52940.196751480646,4.695034741040374,4.695034741040374
22207.1829897008,52941.87806533552,4.685236699613667,4.685236699613667
22211.360244736796,52943.5218449332,4.676613047503062,4.676613047503062
22215.56968995678,52945.08082855219,4.688604483488004,4.688604483488004
22219.776815262383,52946.644240570924,4.695968071454775,4.695968071454775
22224.006482571873,52948.145418702115,4.705855063850389,4.705855063850389
22228.239119718368,52949.639047842196,4.6502788930538195,4.6502788930538195
22232.501173230132,52951.04659026519,4.672351493596764,4.672351493596764
22236.771918394275,52952.428096218195,4.728939146610918,4.728939146610918
22241.05862439188,52953.760148163965,4.765769385152662,4.765769385152662
22245.35103044243,52955.07658744993,4.712462436236734,4.712462436236734
22249.67952485212,52956.268408541655,4.688939310760123,4.688939310760123
22254.010466552623,52957.45181443071,4.6251924856245425,4.6251924856245425
22258.348987109974,52958.60997769249,4.653198311003097,4.653198311003097
22262.72509217758,52959.61652925475,4.673887556453733,4.673887556453733
22267.104905385553,52960.604101095996,4.693904371226622,4.693904371226622
22271.490789337986,52961.56422810938,4.731966188176315,4.731966188176315
22275.880146364936,52962.5114250139,4.726236037875772,4.726236037875772
22280.281159208378,52963.40590157006,4.641158537337209,4.641158537337209
22284.697729385556,52964.22133603651,4.65713839907252,4.65713839907252
22289.12346116784,52964.98743928577,4.685727391752599,4.685727391752599
22293.5607963092,52965.683651532505,4.640040865984641,4.640040865984641
22298.002915912253,52966.34941190247,4.642038403095855,4.642038403095855
22302.456455151914,52966.93070812273,4.626385044031792,4.626385044031792
22306.913062912576,52967.4827123526,4.644930931354052,4.644930931354052
22311.37551562942,52967.975495670595,4.687265319227315,4.687265319227315
22315.833428225997,52968.503165206406,4.70511058998569,4.70511058998569
22320.292094378783,52969.01347210622,4.683533758343489,4.683533758343489
22324.75544719528,52969.449679955695,4.6786367894976255,4.6786367894976255
22329.216183036635,52969.88896032974,4.629567851534071,4.629567851534071
22333.678290986452,52970.280640707264,4.63200449289046,4.63200449289046
22338.138296335852,52970.67524130422,4.628154943205324,4.628154943205324
22342.597052794004,52971.07177812289,4.623431899547656,4.623431899547656
22347.05266269483,52971.50103630831,4.614690889680134,4.614690889680134
22351.512556338857,52971.87293038033,4.634490249958862,4.634490249958862
22355.976678700747,52972.192978306,4.634643580623824,4.634643580623824
22360.441656005845,52972.505458386535,4.624903378396481,4.624903378396481
22364.89765313853,52972.93347140966,4.568103031071213,4.568103031071213
22369.357043328142,52973.320357480785,4.583861394171498,4.583861394171498
22373.819216695934,52973.673822744546,4.645845230095231,4.645845230095231
22378.281153938966,52974.03165948283,4.655300752556857,4.655300752556857
22382.742349593038,52974.39999449032,4.64870394091661,4.64870394091661
22387.201287615877,52974.7977260038,4.690035168221214,4.690035168221214
22391.662911662494,52975.1623923592,4.658637224545352,4.658637224545352
22396.121919594785,52975.56066375714,4.651616349627356,4.651616349627356
22400.586262876182,52975.891867490376,4.651720466429178,4.651720466429178
22405.048141376436,52976.25438492405,4.652515120454216,4.652515120454216
22409.510202338708,52976.614583679446,4.65265343328175,4.65265343328175
22413.969982345083,52977.00364510104,4.6497006074110345,4.6497006074110345
22418.431934193326,52977.36480370053,4.64162446311893,4.64162446311893
22422.89142371193,52977.756942367734,4.616602405634825,4.616602405634825
22427.351409920717,52978.142233446706,4.659505685130063,4.659505685130063
22431.810864351028,52978.53367490778,4.687990714257964,4.687990714257964
22436.269813476294,52978.93081418485,4.645932113990083,4.645932113990083
22440.73098136527,52979.29869608665,4.598238595357563,4.598238595357563
22445.196115368457,52979.614912520046,4.615122336769647,4.615122336769647
22449.659679274857,52979.9502436334,4.634093016412454,4.634093016412454
22454.118296590575,52980.34769528042,4.613011484196888,4.613011484196888
22458.581641703087,52980.68379525757,4.596836727009915,4.596836727009915
22463.040152009,52981.0803705108,4.561295745164094,4.561295745164094
22467.50212659148,52981.431849560264,4.605881437796131,4.605881437796131
22471.960845768688,52981.82360561875,4.630927426592992,4.630927426592992
22476.424166181314,52982.15611211219,4.676034199574176,4.676034199574176
22480.888134518158,52982.480095413324,4.683512146165899,4.683512146165899
22485.346466747178,52982.876334779416,4.634450264465455,4.634450264465455
22489.804015889946,52983.28719670563,4.61810840584374,4.61810840584374
22494.264249474458,52983.67383110446,4.641120084804339,4.641120084804339
22498.72193186962,52984.11003560985,4.601702946755345,4.601702946755345
22503.18875734383,52984.45475995549,4.608982057623847,4.608982057623847
22507.66140673765,52984.74520360047,4.690316442173915,4.690316442173915
22512.130676639987,52985.09699958667,4.737786611355839,4.737786611355839
22516.595618955806,52985.516239174176,4.718356873633982,4.718356873633982
22521.066240133936,52985.84637158419,4.73357440736973,4.73357440736973
22525.534393314418,52986.19534792546,4.778459154259824,4.778459154259824
22530.003205436413,52986.51164077287,4.794689611126015,4.794689611126015
22534.46928101425,52986.85219423027,4.77709941507698,4.77709941507698
22538.933606071405,52987.20726348709,4.776873994128274,4.776873994128274
22543.400581925016,52987.509292230694,4.819918970053179,4.819918970053179
22547.870270276067,52987.76025159584,4.8523559456246765,4.8523559456246765
22552.33863920757,52988.02827567827,4.841598634642145,4.841598634642145
22556.809637814426,52988.252267556,4.8496686191684635,4.8496686191684635
22561.281565401583,52988.4617223689,4.881518339704227,4.881518339704227
22565.746858347495,52988.78025951819,4.833449681876695,4.833449681876695
22570.214984174738,52989.055708817206,4.788271428583061,4.788271428583061
22574.683791068557,52989.32307017114,4.747100309795692,4.747100309795692
22579.159337194673,52989.48290653155,4.816960385865352,4.816960385865352
22583.627493283107,52989.764487937166,4.824078180778009,4.824078180778009
22588.093746979284,52990.07855933695,4.763493865675321,4.763493865675321
22592.56459991,52990.31749143784,4.797888535963009,4.797888535963009
22597.034575162583,52990.57088919672,4.810609379792087,4.810609379792087
22601.502596641287,52990.85676712928,4.764438476755451,4.764438476755451
22605.97338253122,52991.09615621755,4.771756175675545,4.771756175675545
22610.446413038306,52991.2969017937,4.726748697472588,4.726748697472588
22614.913638076534,52991.59544485086,4.694087098157158,4.694087098157158
22619.38473289126,52991.8281455439,4.735232346985569,4.735232346985569
22623.856897099005,52992.04249995168,4.745777576858487,4.745777576858487
22628.323498005295,52992.35345448177,4.694414518421618,4.694414518421618
22632.79600645692,52992.564006556815,4.707173241960177,4.707173241960177
22637.267877138416,52992.787790166294,4.723860703104588,4.723860703104588
22641.735705329545,52993.08646164373,4.747062999540565,4.747062999540565
22646.20688121204,52993.33157772123,4.7411938720708315,4.7411938720708315
22650.679748769988,52993.55270960146,4.7074123738396185,4.7074123738396185
22655.150663178603,52993.81868148183,4.71065487087911,4.71065487087911
22659.623172840737,52994.06536517451,4.694724296919056,4.694724296919056
22664.096628943054,52994.3084706604,4.703580680823235,4.703580680823235
22668.56874790774,52994.60621813724,4.690587003601761,4.690587003601761
22673.041834351745,52994.866753581635,4.696358417073445,4.696358417073445
22677.50950829411,52995.12242523908,4.616650342355851,4.616650342355851
22681.96830504025,52995.29152981771,4.698352201228101,4.698352201228101
22686.400399676826,52995.53400102409,4.6736331554185355,4.6736331554185355
22690.797422571668,52995.84356565974,4.653037151898267,4.653037151898267
22695.1763421648,52996.053992033296,4.697579105625794,4.697579105625794
22699.538992559043,52996.33702008224,4.761093024873081,4.761093024873081
22703.969904765385,52996.55423180192,4.854764299667408,4.854764299667408
22708.584309122667,52996.82459611213,5.026601461728514,5.026601461728514
22713.415889369844,52997.556884078345,5.0569297108488875,5.0569297108488875
22717.977080627395,52999.55656960281,4.965651038263667,4.965651038263667
22721.450818350448,53003.0951380889,4.951100545646885,4.951100545646885
22723.54638998548,53007.54048823631,4.784348163745172,4.784348163745172
22725.082461817517,53011.98195965443,4.676816952935234,4.676816952935234
22726.473958112827,53016.30495529044,4.7007440876374424,4.7007440876374424
22727.803939704856,53020.58294700502,4.8019841087315625,4.8019841087315625
22729.15203065329,53024.889912998085,4.946040602037544,4.946040602037544
22730.652673087985,53029.30585087999,5.077153048614254,5.077153048614254
22732.57584433827,53033.76018840738,5.1203638421867135,5.1203638421867135
22735.587072041097,53037.5298414343,4.957909810302412,4.957909810302412
22739.68030518687,53040.04218262592,5.089701106346881,5.089701106346881
22744.441390223586,53041.16356168616,5.177407807377112,5.177407807377112
22749.09971682562,53041.838737557526,5.033782421087233,5.033782421087233
22753.52609816107,53042.552284612604,4.964198748257841,4.964198748257841
22757.84765664155,53043.325631133994,4.917877020915201,4.917877020915201
22762.16074400906,53044.10925470004,4.868226221653867,4.868226221653867
22766.498362932492,53044.91567595531,4.841665604325802,4.841665604325802
22770.864352051423,53045.777979742605,4.848709427749895,4.848709427749895
22775.233855967264,53046.764402854686,4.831889763826729,4.831889763826729
22779.623292142554,53047.70889688481,4.829666104959362,4.829666104959362
22784.00326039845,53048.71095652317,4.847405908989011,4.847405908989011
22788.374489640373,53049.7428967456,4.877247532607819,4.877247532607819
22792.74677824266,53050.7658964071,4.894257595147668,4.894257595147668
22797.11172818356,53051.83215113267,4.8934947779679865,4.8934947779679865
22801.46719269781,53052.95724809845,4.899350267255423,4.899350267255423
22805.820067124438,53054.11165677257,4.899763528162506,4.899763528162506
22810.14979664622,53055.36830328275,4.870689800067498,4.870689800067498
22814.466341042633,53056.674971455956,4.893736200786097,4.893736200786097
22818.76844997078,53058.02347875472,4.902525521612379,4.902525521612379
22823.041263625844,53059.44814899807,4.859182217869094,4.859182217869094
22827.31507368011,53060.84730382869,4.813172953296963,4.813172953296963
22831.592831829326,53062.215809334586,4.814305828081985,4.814305828081985
22835.855198978916,53063.614297510394,4.804478476695965,4.804478476695965
22840.110917654114,53065.02050969575,4.774574767428978,4.774574767428978
22844.341928257327,53066.489002262744,4.737903862802247,4.737903862802247
22848.589997435352,53067.90117947949,4.760360971571617,4.760360971571617
22852.82846007835,53069.336660971516,4.774677320905207,4.774677320905207
22857.071629653277,53070.75590306857,4.828369238796284,4.828369238796284
22861.311064897527,53072.18503344031,4.843902252902687,4.843902252902687
22865.547149878308,53073.62424401166,4.8266804389653135,4.8266804389653135
22869.786882099346,53075.053837256295,4.799027276611317,4.799027276611317
22874.038074268166,53076.45088766163,4.81494253104549,4.81494253104549
22878.271365511937,53077.901641840326,4.833318551328608,4.833318551328608
22882.517852688463,53079.31431020214,4.862373794302283,4.862373794302283
22886.76259145605,53080.73288111233,4.811611862431315,4.811611862431315
22890.995973847268,53082.18575603496,4.785225647757335,4.785225647757335
22895.24352105218,53083.597237216934,4.8188379456877275,4.8188379456877275
22899.480834483948,53085.03957610768,4.793635517628062,4.793635517628062
22903.730094930397,53086.44693908599,4.791817419120534,4.791817419120534
22907.990927568917,53087.8204076026,4.842466413189894,4.842466413189894
22912.240514965655,53089.22768215742,4.88122111672847,4.88122111672847
22916.471055454585,53090.69188262744,4.8588569530938175,4.8588569530938175
22920.713002083117,53092.12271991592,4.840959857907699,4.840959857907699
22924.95998558673,53093.53915929468,4.807466812187881,4.807466812187881
22929.213268891923,53094.93758840223,4.880699369506156,4.880699369506156
22933.46716442897,53096.33497655705,4.840778283763128,4.840778283763128
22937.717495081743,53097.74377057035,4.811728019826999,4.811728019826999
22941.95828591453,53099.18172714197,4.777104507742571,4.777104507742571
22946.206490132572,53100.5989124126,4.750097683814257,4.750097683814257
22950.46635417685,53101.982736098755,4.7598884260512975,4.7598884260512975
22954.710948447202,53103.41137111988,4.7689088120959315,4.7689088120959315
22958.955025105213,53104.8405581274,4.826416985388854,4.826416985388854
22963.229240700515,53106.17987533736,4.811789928729005,4.811789928729005
22967.467477250717,53107.61964831535,4.786109591063598,4.786109591063598
22971.711063453804,53109.03746694798,4.825286602538526,4.825286602538526
22975.958535132515,53110.43473836183,4.8415882689795495,4.8415882689795495
22980.19874072569,53111.84091952568,4.854124687475223,4.854124687475223
22984.413277066265,53113.30824068448,4.810452329104889,4.810452329104889
22988.633259638224,53114.74240678942,4.732383496832267,4.732383496832267
22992.851461421582,53116.16395814266,4.701884939530769,4.701884939530769
22997.067421220905,53117.57555067302,4.722843012787572,4.722843012787572
23001.29016165196,53118.95036294924,4.717086938629764,4.717086938629764
23005.50015081378,53120.36543643837,4.708984802599655,4.708984802599655
23009.713976807183,53121.7817713744,4.698652791483654,4.698652791483654
23013.95065262259,53123.143558326265,4.744750702665851,4.744750702665851
23018.206960367726,53124.488022342106,4.788629445056953,4.788629445056953
23022.473431010076,53125.925406882365,4.696960191111422,4.696960191111422
23026.813633505888,53127.133145803455,4.778458493670577,4.778458493670577
23031.204206723287,53128.26404541148,4.836103031801531,4.836103031801531
23035.65806217655,53129.22902887473,4.905755030579585,4.905755030579585
23040.175750279694,53129.92573737853,4.7890786916773616,4.7890786916773616
23044.737367809787,53130.124206748835,4.784334034632436,4.784334034632436
23049.323214287695,53130.18240093415,4.824410580754677,4.824410580754677
23053.91166968718,53129.90451661001,4.84590437615253,4.84590437615253
23058.490880512247,53129.37479159947,4.84360589587274,4.84360589587274
23063.04276751851,53128.57656634322,4.762344032389157,4.762344032389157
23067.535770942744,53127.46099675262,4.819316667874902,4.819316667874902
23071.96083746256,53126.07971805453,4.792815971204189,4.792815971204189
23076.282824392314,53124.39415831128,4.794041501189389,4.794041501189389
23080.51840218627,53122.49582609253,4.717579915528618,4.717579915528618
23084.63699878227,53120.3492635631,4.713818377345265,4.713818377345265
23088.563216999963,53117.86961208077,4.773839494625445,4.773839494625445
23092.36077619034,53115.20406276552,4.788670657314835,4.788670657314835
23096.041620370986,53112.37923021086,4.671675013393702,4.671675013393702
23099.47306881548,53109.25936030797,4.73944452170137,4.73944452170137
23102.659632079958,53105.8989701275,4.808686615439878,4.808686615439878
23105.645419359425,53102.37254675415,4.793499377481037,4.793499377481037
23108.44561300058,53098.70960335242,4.822243145273282,4.822243145273282
23111.01120348744,53094.88951212939,4.7880187899526145,4.7880187899526145
23113.38305524039,53090.95823444137,4.757098247143622,4.757098247143622
23115.442981836877,53086.864635570266,4.7309004864997855,4.7309004864997855
23117.274992411374,53082.67968370221,4.649193234270528,4.649193234270528
23118.807469761174,53078.387788022286,4.652117922960113,4.652117922960113
23120.00151990434,53073.9983489539,4.644922063648261,4.644922063648261
23120.90602484603,53069.55275380639,4.550027030142944,4.550027030142944
23121.572191862924,53065.08143515139,4.5085755042297775,4.5085755042297775
23122.1030940433,53060.617535770696,4.534623374229317,4.534623374229317
23122.565632418395,53056.17196229599,4.572795503042012,4.572795503042012
23122.97677704155,53051.73971304855,4.638889574028599,4.638889574028599
23123.437402108953,53047.32908519675,4.642096281086592,4.642096281086592
23123.928184085504,53042.92535456647,4.586414179521069,4.586414179521069
23124.282460555478,53038.50115019383,4.706979207540975,4.706979207540975
23124.707577893143,53034.0791205097,4.738206917159446,4.738206917159446
23125.094091144638,53029.642572030556,4.715993996227665,4.715993996227665
23125.527767419582,53025.2001150267,4.675165772136716,4.675165772136716
23125.9275995699,53020.74718654454,4.6963734318817005,4.6963734318817005
23126.35229123624,53016.29201308803,4.740645924779252,4.740645924779252
23126.74582397467,53011.83164432633,4.7621405991178625,4.7621405991178625
23127.193359050878,53007.37525525832,4.708679315401222,4.708679315401222
23127.587114487353,53002.91417088802,4.7399937536241605,4.7399937536241605
23127.97201692094,52998.452835470045,4.730639531315896,4.730639531315896
23128.28487859287,52993.98545557249,4.777283792099261,4.777283792099261
23128.751109159646,52989.53257328455,4.786491920000341,4.786491920000341
23129.15680617751,52985.07446865438,4.7914056533711245,4.7914056533711245
23129.61004953997,52980.62099894945,4.814571380900458,4.814571380900458
23130.050410839543,52976.16650741621,4.702488449043341,4.702488449043341
23130.39245989154,52971.7030643478,4.735495658018005,4.735495658018005
23130.78062295296,52967.24392119059,4.742701359492141,4.742701359492141
23131.158678034077,52962.78385558289,4.767328655917403,4.767328655917403
23131.659395986404,52958.33500618045,4.785158150804489,4.785158150804489
23132.03194310518,52953.87433919596,4.775149742120224,4.775149742120224
23132.41356280307,52949.41443201274,4.769324320377669,4.769324320377669
23132.84640252136,52944.95913343721,4.80953976789517,4.80953976789517
23133.243486305077,52940.500488665384,4.771491177376463,4.771491177376463
23133.655488965633,52936.043152405495,4.806200050563948,4.806200050563948
23134.070265048176,52931.58604105792,4.855264109440816,4.855264109440816
23134.44975355199,52927.12570698028,4.817203780275458,4.817203780275458
23134.868856009467,52922.669058434316,4.780501965093075,4.780501965093075
23135.287724330865,52918.21250426012,4.7612498928872835,4.7612498928872835
23135.670940623484,52913.75287668832,4.785844904706813,4.785844904706813
23136.119626159834,52909.29950064614,4.753561993207276,4.753561993207276
23136.567832487577,52904.846378310016,4.7453607930108825,4.7453607930108825
23136.87716876494,52900.380950869774,4.814601718704649,4.814601718704649
23137.30738864588,52895.926707467894,4.781573729265015,4.781573729265015
23137.77616264033,52891.47594782934,4.745980752264565,4.745980752264565
23138.119439298203,52887.013809573546,4.743660203595615,4.743660203595615
23138.499558077845,52882.55458005014,4.796728149098307,4.796728149098307
23138.885686040587,52878.09507118745,4.7818003606016735,4.7818003606016735
23139.254410908947,52873.632931704415,4.751435588702719,4.751435588702719
23139.720206417056,52869.1778565689,4.761720145345031,4.761720145345031
23140.11545307904,52864.71344753103,4.785806465791998,4.785806465791998
23140.51047284757,52860.24930469306,4.751385669924859,4.751385669924859
23140.93571227542,52855.79508215099,4.7118673843579195,4.7118673843579195
23141.340818989986,52851.35776173408,4.71049893023445,4.71049893023445
23141.730584702276,52846.95208869828,4.806573957445987,4.806573957445987
23142.230721652566,52842.581927799794,4.752550961652022,4.752550961652022
23142.721901232824,52838.21048845885,4.721784601148012,4.721784601148012
23143.093935968107,52833.807196363254,4.81148706641539,4.81148706641539
23143.454924231526,52829.33249474398,4.85314954050059,4.85314954050059
23143.60381851739,52824.77326356481,4.924070607147245,4.924070607147245
23143.39904677942,52820.15243540418,4.887456385629114,4.887456385629114
23142.723780966335,52815.529171643095,4.88125576001572,4.88125576001572
23141.382103654054,52811.04533376107,4.838103192504338,4.838103192504338
23139.50812242808,52806.741802039425,4.847111094444921,4.847111094444921
23136.974001487954,52802.7975181927,4.846637339488767,4.846637339488767
23133.92801444692,52799.24860029942,4.769307166439738,4.769307166439738
23130.420182688613,52796.173256624046,4.689897271725346,4.689897271725346
23126.508673181055,52793.6350446283,4.542047144684355,4.542047144684355
23122.51174750303,52791.376695959174,4.447707729452094,4.447707729452094
23118.59753832884,52789.171346166186,4.425592446845474,4.425592446845474
23114.71242294357,52787.0191558393,4.401498604896582,4.401498604896582
23110.880441797286,52784.8282138855,4.379586622811332,4.379586622811332
23107.017058384914,52782.685995331296,4.31271451245737,4.31271451245737
23103.14056806009,52780.54580221938,4.388254935323523,4.388254935323523
23099.27998634523,52778.34601818245,4.382063076563616,4.382063076563616
23095.372748489,52776.19993107954,4.332311992226569,4.332311992226569
23091.452391565464,52774.05647672048,4.327727429283973,4.327727429283973
23087.548762929404,52771.867018967816,4.337906801496661,4.337906801496661
23083.625307387745,52769.705269846716,4.325558716569863,4.325558716569863
23079.753436316973,52767.44452556422,4.254063500962184,4.254063500962184
23075.83638700816,52765.266351602535,4.270466793826001,4.270466793826001
23071.906245913407,52763.11307977639,4.266424621495134,4.266424621495134
23067.991678146962,52760.93365092068,4.275909010739107,4.275909010739107
23064.094524153876,52758.724976587735,4.318362988294218,4.318362988294218
23060.19360212977,52756.52481627453,4.268696473350416,4.268696473350416
23056.293394535787,52754.32484953919,4.286595365459319,4.286595365459319
23052.384393321918,52752.14183333854,4.321068073728557,4.321068073728557
23048.46141277522,52749.98479391677,4.312249322562759,4.312249322562759
23044.55994665883,52747.79005477757,4.226906337066183,4.226906337066183
23040.656451083836,52745.599586884695,4.245271385546415,4.245271385546415
23036.71821108576,52743.471806660506,4.230595286381844,4.230595286381844
23032.825167212253,52741.26349635316,4.227753935752625,4.227753935752625
23028.896795015437,52739.11873115502,4.220189715036387,4.220189715036387
23024.981447116785,52736.95079356356,4.190596580603054,4.190596580603054
23021.053554241866,52734.80545278659,4.210738245602854,4.210738245602854
23017.137587992114,52732.63868845718,4.200561634862751,4.200561634862751
23013.226442425657,52730.463155693404,4.252959517051378,4.252959517051378
23009.327603576152,52728.265293907774,4.253191313281613,4.253191313281613
23005.401585612366,52726.11616894581,4.203512846274716,4.203512846274716
23001.487642297077,52723.94506866347,4.200630492071895,4.200630492071895
22997.6008296268,52721.72478847884,4.1961709287608615,4.1961709287608615
22993.65583886975,52719.6092019669,4.28349645580631,4.28349645580631
22989.75451025455,52717.41462567347,4.27130159407046,4.27130159407046
22985.83385081935,52715.25473549432,4.300111343986602,4.300111343986602
22981.907425823352,52713.10510245375,4.320171740355868,4.320171740355868
22978.013713546505,52710.89634900799,4.299732819438314,4.299732819438314
22974.112008564276,52708.70198857112,4.2607478571586,4.2607478571586
22970.160128951,52706.5981666348,4.307655774001906,4.307655774001906
22966.22747010479,52704.459711891206,4.312107225410877,4.312107225410877
22962.305204909022,52702.30259045289,4.336080730999379,4.336080730999379
22958.403821553133,52700.10790876398,4.406829791122152,4.406829791122152
22954.473791940196,52697.965044421115,4.384404610755713,4.384404610755713
22950.61587960593,52695.692182315564,4.270648812415846,4.270648812415846
22946.667281057715,52693.583128791215,4.3952039051966425,4.3952039051966425
22942.753532312097,52691.41132829532,4.420870407958013,4.420870407958013
22938.83767832417,52689.24347142651,4.377097730138197,4.377097730138197
22934.902043629023,52687.11149802849,4.382961526388784,4.382961526388784
22931.007198940344,52684.90590039926,4.344544536530564,4.344544536530564
22927.12026560377,52682.686021111884,4.294675661074983,4.294675661074983
22923.21223360405,52680.504324239824,4.265205864481566,4.265205864481566
22919.294158187793,52678.340807397006,4.301026923118345,4.301026923118345
22915.36356852278,52676.199936259916,4.344710206001351,4.344710206001351
22911.477824744667,52673.97764621883,4.2805510421945785,4.2805510421945785
22907.55087810329,52671.82991884822,4.360532097734646,4.360532097734646
22903.631541716415,52669.668170137884,4.342748373118823,4.342748373118823
22899.7371345934,52667.460867971415,4.3180735271072965,4.3180735271072965
22895.795255641402,52665.33939996846,4.359810048013438,4.359810048013438
22891.88829236407,52663.154094508645,4.348992113617133,4.348992113617133
22887.963615650413,52661.00041886199,4.336423072536077,4.336423072536077
22884.046476670985,52658.83244405895,4.3668932968008995,4.3668932968008995
22880.1263284616,52656.66920481213,4.340200135184651,4.340200135184651
22876.21533537077,52654.488585194806,4.332858516989039,4.332858516989039
22872.30254266793,52652.310325505874,4.344588882236896,4.344588882236896
22868.353571991167,52650.19608581302,4.3386036993785755,4.3386036993785755
22864.442048035336,52648.013148292725,4.297884358184098,4.297884358184098
22860.531582514996,52645.82699716008,4.28337678909572,4.28337678909572
22856.600311610244,52643.67630120436,4.2465842317909885,4.2465842317909885
22852.656443768697,52641.54574589826,4.193275321012655,4.193275321012655
22848.767646067412,52639.31599009279,4.225926869782248,4.225926869782248
22844.864408860783,52637.10971268652,4.276761435084696,4.276761435084696
22840.97313240263,52634.880526191395,4.310771127218042,4.310771127218042
22837.101141163963,52632.616147064546,4.356412791733854,4.356412791733854
22833.21629784919,52630.37154018461,4.351583510103086,4.351583510103086
22829.341575527687,52628.10718236581,4.368181419441574,4.368181419441574
22825.48341522883,52625.81251410078,4.3856220490382025,4.3856220490382025
22821.64183070748,52623.48802365258,4.373625107148299,4.373625107148299
22817.819021419244,52621.130739808505,4.356010423321864,4.356010423321864
22814.02099707962,52618.73190326335,4.286510948065021,4.286510948065021
22810.24594871204,52616.295546476525,4.245950965210186,4.245950965210186
22806.494574330234,52613.821702334084,4.2247160295173725,4.2247160295173725
22802.741861174865,52611.349168880995,4.211917910802909,4.211917910802909
22799.011386769347,52608.842238406694,4.230717104016448,4.230717104016448
22795.291700109407,52606.31852691663,4.22091812119412,4.22091812119412
22791.606442629498,52603.74436785982,4.190375172509472,4.190375172509472
22787.931253636925,52601.15580376468,4.175111395219091,4.175111395219091
22784.28507889826,52598.526742072616,4.208267286436508,4.208267286436508
22780.671891004604,52595.853137617494,4.189264687563793,4.189264687563793
22777.05356277487,52593.18723087042,4.213383800131064,4.213383800131064
22773.45823121494,52590.49112903395,4.19867318490003,4.19867318490003
22769.885839274837,52587.765716545975,4.207955766411814,4.207955766411814
22766.347848043384,52584.99720468771,4.201088303226522,4.201088303226522
22762.84174732322,52582.190063553804,4.168969347575442,4.168969347575442
22759.333615950345,52579.38732818765,4.199237233921332,4.199237233921332
22755.874915554054,52576.52552661116,4.226138514561219,4.226138514561219
22752.416496124955,52573.66573486844,4.201062769533268,4.201062769533268
22749.015392334084,52570.73917645336,4.15801561562422,4.15801561562422
22745.592783532375,52567.84099369782,4.165978557154893,4.165978557154893
22742.204795962396,52564.90392963872,4.142343076991122,4.142343076991122
22738.829476565577,52561.95422879154,4.152205321346806,4.152205321346806
22735.467110567486,52558.991450192625,4.138611530842386,4.138611530842386
22732.080702432613,52556.05851837231,4.154133799854658,4.154133799854658
22728.73593378961,52553.07864788058,4.163590622665396,4.163590622665396
22725.3633071058,52550.132411210376,4.1805012089670885,4.1805012089670885
22721.984835632284,52547.19391996,4.1769247697552405,4.1769247697552405
22718.58395418156,52544.28211946055,4.17696958711855,4.17696958711855
22715.21449509025,52541.33466470208,4.170595445503449,4.170595445503449
22711.84239687252,52538.390800271896,4.114162205150895,4.114162205150895
22708.468281682224,52535.4496871568,4.159056999596966,4.159056999596966
22705.117260341995,52532.48219538873,4.150547772805036,4.150547772805036
22701.689700915682,52529.60343000789,4.092161540152019,4.092161540152019
22698.307315669077,52526.67260759968,4.077640013451196,4.077640013451196
22694.959466600456,52523.70185015826,4.08868882181068,4.08868882181068
22691.581579833502,52520.765892799616,4.164209533632996,4.164209533632996
22688.19706956947,52517.837597893435,4.158139511877005,4.158139511877005
22684.826219482973,52514.8933699627,4.182553505493934,4.182553505493934
22681.50542113791,52511.890793938925,4.216287670651851,4.216287670651851
22678.102965799026,52508.983081202474,4.203773903698622,4.203773903698622
22674.69163688775,52506.08563058829,4.188346891833478,4.188346891833478
22671.33411432602,52503.12534997287,4.2120127548889865,4.2120127548889865
22667.98153824726,52500.15913230295,4.2201199851296884,4.2201199851296884
22664.59318503263,52497.234525420645,4.231998297509699,4.231998297509699
22661.254338495088,52494.25198887379,4.2490163312502,4.2490163312502
22657.867675432877,52491.32518620595,4.250336549957002,4.250336549957002
22654.516823717495,52488.35644926413,4.203179932644866,4.203179932644866
22651.14173468994,52485.41595379167,4.1997266074734,4.1997266074734
22647.748158907212,52482.497004275734,4.2042913179668435,4.2042913179668435
22644.358072167408,52479.573923661854,4.1836741049245125,4.1836741049245125
22641.01655217994,52476.594018253694,4.195225465608336,4.195225465608336
22637.63387348145,52473.66219440811,4.230071840854111,4.230071840854111
22634.28549249135,52470.69024881775,4.198190074345405,4.198190074345405
22630.891237227414,52467.77190813437,4.233718409811189,4.233718409811189
22627.520233754105,52464.826374372664,4.275184438534969,4.275184438534969
22624.177102843,52461.84826661798,4.256994045156036,4.256994045156036
22620.811560360857,52458.89635174746,4.226767943222055,4.226767943222055
22617.45981653923,52455.928327388945,4.229851582918401,4.229851582918401
22614.1048119506,52452.96412869694,4.239643062077082,4.239643062077082
22610.708600311762,52450.04805473867,4.231384481360783,4.231384481360783
22607.35585233521,52447.08125309572,4.221933528608543,4.221933528608543
22603.97449075897,52444.14786354957,4.235572091706579,4.235572091706579
22600.612095894994,52441.192359453606,4.217115757280082,4.217115757280082
22597.2428085571,52438.24491548002,4.2377710503319745,4.2377710503319745
22593.871997193666,52435.29926668026,4.24150651225988,4.24150651225988
22590.48334153654,52432.37443476674,4.2524625192253875,4.2524625192253875
22587.12783849973,52429.41097602072,4.2968222123991975,4.2968222123991975
22583.779516172675,52426.43917582626,4.304744362053505,4.304744362053505
22580.41338778955,52423.488143138165,4.30439959437687,4.30439959437687
22577.041410567985,52420.54393802346,4.306278845122779,4.306278845122779
22573.68779631932,52417.57836341519,4.279982946005664,4.279982946005664
22570.318867739967,52414.63063514506,4.27720372043004,4.27720372043004
22566.96697681783,52411.66308443541,4.2482865013456,4.2482865013456
22563.598162098373,52408.71524361711,4.245348343314838,4.245348343314838
22560.2271639145,52405.76994929604,4.245764949632838,4.245764949632838
22556.856167253216,52402.82465629988,4.246181923281808,4.246181923281808
22553.48517121908,52399.87936384618,4.246599265562312,4.246599265562312
22550.114174922222,52396.934071157404,4.2470169758918255,4.2470169758918255
22546.743177487395,52393.988777468796,4.24743505213004,4.24743505213004
22543.372178063466,52391.04348203675,4.247853490514741,4.247853490514741
22540.03970084308,52388.053360154125,4.3073769957032955,4.3073769957032955
22536.655413531415,52385.12351105381,4.2874206604916045,4.2874206604916045
22533.268852833397,52382.19629946891,4.263982555014513,4.263982555014513
22529.900665326015,52379.247698971274,4.268741525306566,4.268741525306566
22526.524149007048,52376.308779544735,4.260729994071679,4.260729994071679
22523.175464750617,52373.33745377687,4.295436309905479,4.295436309905479
22519.800442738684,52370.39676774143,4.289738995253334,4.289738995253334
22516.43822590939,52367.44115999696,4.303704777297044,4.303704777297044
22513.086968581287,52364.47277262827,4.334506079341537,4.334506079341537
22509.73887527299,52361.50067776015,4.3701815636875985,4.3701815636875985
22506.346550099144,52358.5800816078,4.3379706616614975,4.3379706616614975
22502.964554540744,52355.64744518905,4.321623908940182,4.321623908940182
22499.612607202267,52352.67978574103,4.35142378627767,4.35142378627767
22496.25812553709,52349.71505930356,4.377347430226844,4.377347430226844
22492.907756741493,52346.74552055956,4.409601425802749,4.409601425802749
22489.523729614724,52343.81520692401,4.39016885908488,4.39016885908488
22486.14397114736,52340.87991497095,4.377293995820082,4.377293995820082
22482.765096349613,52337.94359287291,4.365776192861408,4.365776192861408
22479.410731633787,52334.97868361052,4.3919141176788035,4.3919141176788035
22476.046799167372,52332.02493586192,4.438597066440492,4.438597066440492
22472.629025615202,52329.13401684162,4.495411842871721,4.495411842871721
22469.244842152526,52326.203927461414,4.480947546150533,4.480947546150533
22465.88047025469,52323.25074039103,4.479708706115851,4.479708706115851
22462.520745991395,52320.29215452555,4.514239979524802,4.514239979524802
22459.164591866378,52317.32943485842,4.524657531503761,4.524657531503761
22455.825363076612,52314.34700509635,4.532814600651097,4.532814600651097
22452.476545867434,52311.375818824294,4.511968561438742,4.511968561438742
22449.112209732863,52308.422805158916,4.506096821863367,4.506096821863367
22445.746339830286,52305.47165285226,4.514306717314966,4.514306717314966
22442.368110631243,52302.534997230534,4.512452971802556,4.512452971802556
22439.010049468714,52299.57490970036,4.5293457226003175,4.5293457226003175
22435.654601558934,52296.6118836248,4.504875088593633,4.504875088593633
22432.26108777128,52293.6933319114,4.542217018292956,4.542217018292956
22428.89618421699,52290.74155206388,4.55526589800416,4.55526589800416
22425.54516708345,52287.77373647205,4.591067945903134,4.591067945903134
22422.20062466617,52284.798542247954,4.60111577547957,4.60111577547957
22418.861454630824,52281.81727299826,4.550350312640189,4.550350312640189
22415.476452534815,52278.889435484314,4.574260611257668,4.574260611257668
22412.116900273588,52275.932160730576,4.608294266973528,4.608294266973528
22408.77581800675,52272.953607509306,4.653155844717941,4.653155844717941
22405.42692702284,52269.98427607061,4.690345238808821,4.690345238808821
22402.039107958735,52267.06016052689,4.69836374600983,4.69836374600983
22398.66457596187,52264.12071002502,4.695969339136968,4.695969339136968
22395.309844189906,52261.1584081395,4.725454733632328,4.725454733632328
22391.950806532415,52258.201113940704,4.741258203752065,4.741258203752065
22388.58050328644,52255.25679479627,4.742124820190269,4.742124820190269
22385.203622487155,52252.31995800769,4.76464512918529,4.76464512918529
22381.804560113742,52249.4084988902,4.783570710085491,4.783570710085491
22378.453751569443,52246.441214271385,4.757335611587905,4.757335611587905
22375.10816064236,52243.46763575119,4.723063853746208,4.723063853746208
22371.7352073313,52240.52515210331,4.7175224712546555,4.7175224712546555
22368.362682533236,52237.58167418247,4.7298040574440305,4.7298040574440305
22364.99436309858,52234.63274825636,4.738829898392824,4.738829898392824
22361.608638381338,52231.70314488633,4.72777454292291,4.72777454292291
22358.238377262438,52228.75488817318,4.73310301810341,4.73310301810341
22354.879959572612,52225.79193971909,4.7550394035778885,4.7550394035778885
22351.499415859496,52222.85341936904,4.766410834066446,4.766410834066446
22348.107665655967,52219.9264865563,4.750025292981994,4.750025292981994
22344.72441808431,52216.98830172849,4.763091410261923,4.763091410261923
22341.339565352802,52214.0514189931,4.797715881171499,4.797715881171499
22337.94167640969,52211.13074904609,4.812034503822681,4.812034503822681
22334.551797844317,52208.20389836526,4.807518436995787,4.807518436995787
22331.17465566346,52205.2683664465,4.806790023213288,4.806790023213288
22327.82769430861,52202.307840002715,4.7851704061337665,4.7851704061337665
22324.480530411718,52199.36298045512,4.752369805004428,4.752369805004428
22321.13590446605,52196.43614112587,4.772411955581443,4.772411955581443
22317.80586416935,52193.51614318477,4.780735369099336,4.780735369099336
22314.49007835026,52190.601163052335,4.805943630305942,4.805943630305942
22311.16746382793,52187.70345593094,4.811245304531049,4.811245304531049
22307.813095287012,52184.825703298324,4.800728372607684,4.800728372607684
22304.46380865427,52181.90364261767,4.814708476709343,4.814708476709343
22301.077304972947,52178.937740163215,4.852139180235382,4.852139180235382
22297.67262777702,52175.86991028109,4.867025270023237,4.867025270023237
22294.365899082164,52172.59077012581,4.923220156638112,4.923220156638112
22291.246089478245,52169.044372088516,4.910543829829844,4.910543829829844
22288.86703185337,52165.0095870314,4.906296033453193,4.906296033453193
22287.433682502975,52160.557686080865,4.825870345663661,4.825870345663661
22286.93496354247,52155.868876079534,4.83883424454366,4.83883424454366
22287.03887855119,52151.1669523349,4.965261487810113,4.965261487810113
22287.48336072584,52146.560365645855,4.93281934282426,4.93281934282426
22287.98486154524,52142.08230734199,4.929706131405954,4.929706131405954
22288.525806089165,52137.69480423552,4.9161019460804,4.9161019460804
22289.07358447545,52133.35857526767,4.894703170738619,4.894703170738619
22289.611712727936,52129.01322601695,4.896291596740338,4.896291596740338
22290.134152807135,52124.61581491311,4.944439575775923,4.944439575775923
22290.6745559749,52120.15822116971,4.904704702486054,4.904704702486054
22291.082574807355,52115.63313236626,4.898557506428063,4.898557506428063
22291.350720051698,52111.06753431905,4.921396605793033,4.921396605793033
22291.448810156173,52106.48299259237,4.881595088486066,4.881595088486066
22291.325407338576,52101.89497603259,4.7915676756333845,4.7915676756333845
22291.043484320704,52097.31258386685,4.753139259088079,4.753139259088079
22290.60736465073,52092.7413496684,4.7572778503253765,4.7572778503253765
22290.019204375065,52088.18539992874,4.815970155852583,4.815970155852583
22289.268227128752,52083.65057327709,4.863228979881304,4.863228979881304
22288.25010481725,52079.167764792845,4.901659684824594,4.901659684824594
22287.035691391622,52074.73533504846,4.937369114879839,4.937369114879839
22285.638360930177,52070.358475259985,4.896522398039168,4.896522398039168
22283.972679960636,52066.078756464165,4.935737789734882,4.935737789734882
22282.19651952255,52061.84764050406,4.918185152611033,4.918185152611033
22280.293001547045,52057.67132511652,4.8890615956601415,4.8890615956601415
22278.177271525066,52053.596497968305,4.90082219192509,4.90082219192509
22275.871306529807,52049.62367311931,4.88802263055113,4.88802263055113
22273.438948616975,52045.721796213256,4.883322220444473,4.883322220444473
22270.852041743627,52041.91368160838,4.87106397873801,4.87106397873801
22268.06644472259,52038.24677546487,4.889948945581419,4.889948945581419
22265.165484603844,52034.674010059876,4.9014058445537705,4.9014058445537705
22262.09625102152,52031.26216903415,4.919808917082273,4.919808917082273
22258.87319451227,52028.034705297156,4.910327966616934,4.910327966616934
22255.529875491447,52024.99293998079,4.921472454825996,4.921472454825996
22252.10312406632,52022.10484110976,5.017078557144263,5.017078557144263
22248.574319476145,52019.36825411268,5.1870843603731664,5.1870843603731664
22244.919684476707,52016.75290398906,5.393032900313766,5.393032900313766
22241.25246224844,52014.08999735622,5.47524194117021,5.47524194117021
22237.479042770115,52011.42177808104,5.5411372074348355,5.5411372074348355
22233.78814253277,52008.563437263314,5.415956624433755,5.415956624433755
22230.374105880917,52005.387826688544,5.372086123695552,5.372086123695552
22227.466307564988,52001.79716376268,5.323890637176802,5.323890637176802
22225.089620385676,51997.855921239425,5.230907843912728,5.230907843912728
22223.283436991234,51993.61204007303,5.328578811279588,5.328578811279588
22221.88677174635,51989.20809277137,5.5267434251940095,5.5267434251940095
22220.739295602147,51984.750547204705,5.796090932827513,5.796090932827513
22219.781876884997,51980.275964574095,6.0238743277321385,6.0238743277321385
22218.917775508893,51975.82405518886,6.247770263847315,6.247770263847315
22218.123870032425,51971.39683780826,6.3283141937153875,6.3283141937153875
22217.480484972853,51966.96490250826,6.278402342372336,6.278402342372336
22216.89652521834,51962.55269841159,6.216925674857016,6.216925674857016
22216.39619833539,51958.148115810225,6.133120415119232,6.133120415119232
22215.849977434842,51953.771775326415,6.060068488928885,6.060068488928885
22215.32716077716,51949.3985899003,5.984566372524078,5.984566372524078
22214.79448189692,51945.02663442082,5.830288007115108,5.830288007115108
22214.259347509877,51940.64750132058,5.774885525202756,5.774885525202756
22213.70841589801,51936.257273825555,5.672693885168069,5.672693885168069
22213.147878530737,51931.85026846878,5.571780070261395,5.571780070261395
22212.58524333364,51927.42538683307,5.491246441825803,5.491246441825803
22211.986624221223,51922.990986194316,5.4117332103363625,5.4117332103363625
22211.379333111625,51918.5517694999,5.362633137749964,5.362633137749964
22210.800122921188,51914.10794651411,5.303124718172147,5.303124718172147
22210.29414074505,51909.657223078364,5.192596167509024,5.192596167509024
22209.747607845697,51905.21136852935,4.976643136891428,4.976643136891428
22209.203616144074,51900.76583866578,4.850108316286414,4.850108316286414
22208.63704924901,51896.32304777697,4.746579478139162,4.746579478139162
22208.057017074432,51891.88198405257,4.683207775578199,4.683207775578199
22207.47701854503,51887.44119359726,4.625278930950974,4.625278930950974
22206.918213403784,51882.99847403758,4.610114385353932,4.610114385353932
22206.332879228907,51878.558525953726,4.589493229997568,4.589493229997568
22205.7571502018,51874.11768000052,4.537995775015537,4.537995775015537
22205.186337697796,51869.67636355169,4.501140515176279,4.501140515176279
22204.65039778804,51865.2315651933,4.490834897755127,4.490834897755127
22204.149957022935,51860.783217210395,4.480129447283107,4.480129447283107
22203.603181931525,51856.339445243,4.468160176158231,4.468160176158231
22203.087863588116,51851.89251141145,4.444445459236804,4.444445459236804
22202.59419345492,51847.44339778721,4.470147092489827,4.470147092489827
22202.05561793055,51842.99869438964,4.503036728801939,4.503036728801939
22201.543970628954,51838.55129186422,4.540149181350083,4.540149181350083
22201.057428671622,51834.10138047312,4.559549901448821,4.559549901448821
22200.568365245945,51829.65169401461,4.557540140410296,4.557540140410296
22200.04895159838,51825.20497914855,4.562305493170696,4.562305493170696
22199.493301691502,51820.76181593329,4.597048683212045,4.597048683212045
22198.99613567397,51816.31287190472,4.5957042496465546,4.5957042496465546
22198.51166094315,51811.86266630427,4.5877189916888765,4.5877189916888765
22198.00805897471,51807.41433644878,4.615718906039102,4.615718906039102
22197.515910397953,51802.96487179131,4.6255993424364945,4.6255993424364945
22197.04107568616,51798.5136969329,4.631989435384403,4.631989435384403
22196.547690064795,51794.06434652796,4.650511384683807,4.650511384683807
22196.05768874583,51789.614661122134,4.691353901406991,4.691353901406991
22195.594764609,51785.16230646104,4.739795041713857,4.739795041713857
22195.130139859117,51780.71011871248,4.77178359611034,4.77178359611034
22194.644134967486,51776.26003935259,4.787369887873113,4.787369887873113
22194.165229566323,51771.80926137364,4.799292753692107,4.799292753692107
22193.67949757462,51767.359158829604,4.834781338280405,4.834781338280405
22193.224390632968,51762.90603585997,4.884098888057715,4.884098888057715
22192.703432129165,51758.45941616963,4.882753841551326,4.882753841551326
22192.219446531442,51754.00914975351,4.852733760161668,4.852733760161668
22191.78721484601,51749.55377258068,4.854824634248077,4.854824634248077
22191.30975097677,51745.10286584261,4.8342892414859095,4.8342892414859095
22190.848518631727,51740.650356816346,4.847834286468928,4.847834286468928
22190.370392921002,51736.199519992486,4.8645793938035045,4.8645793938035045
22189.91252446496,51731.74668153925,4.92157686027337,4.92157686027337
22189.472680947336,51727.29206064237,4.933996521804568,4.933996521804568
22188.972784063524,51722.84338359298,4.919676624557723,4.919676624557723
22188.49237041489,51718.39278053464,4.923920667692399,4.923920667692399
22188.01258183585,51713.94211717787,4.914815377107282,4.914815377107282
22187.53813273244,51709.49092636487,4.901009348742649,4.901009348742649
22187.062289463756,51705.03987451876,4.920826462565141,4.920826462565141
22186.595081475156,51700.58796800975,4.966946282777248,4.966946282777248
22186.138520042863,51696.13500712781,4.990578750992165,4.990578750992165
22185.58843506962,51691.691311593444,4.9240134469666526,4.9240134469666526
22185.114268759637,51687.24009528707,4.908893085393952,4.908893085393952
22184.68674429733,51682.78425754624,4.919579842550194,4.919579842550194
22184.266201828388,51678.32772750109,4.948177627061069,4.948177627061069
22183.808364593628,51673.87489217587,4.974807258687233,4.974807258687233
22183.318885099758,51669.4251914512,5.015593226057734,5.015593226057734
22182.859391321887,51664.97251922638,5.026887108921816,5.026887108921816
22182.37968438131,51660.52184893847,5.0419001196348265,5.0419001196348265
22181.918380594834,51656.06935473715,5.012671464181939,5.012671464181939
22181.444187458153,51651.61813664912,5.0001138443883075,5.0001138443883075
22180.965737602077,51647.16733930837,5.008791266250728,5.008791266250728
22180.52137988544,51642.71316451112,5.023094303897783,5.023094303897783
22180.089983990336,51638.25770573596,5.022979697384937,5.022979697384937
22179.62299017395,51633.80577182009,5.023809964483639,5.023809964483639
22179.11920795567,51629.35747958669,5.040124434500034,5.040124434500034
22178.665848251785,51624.90419406473,5.048129000972528,5.048129000972528
22178.195463319,51620.45259344885,5.037928979010495,5.037928979010495
22177.723256205085,51616.001172469725,5.024070414913158,5.024070414913158
22177.25481113395,51611.54937846793,5.020707101889619,5.020707101889619
22176.79003388522,51607.09722094926,5.027934455573874,5.027934455573874
22176.327921743723,51602.64479931199,5.028963603022541,5.028963603022541
22175.86126635936,51598.192826855564,5.015243809071043,5.015243809071043
22175.413571329,51593.73897846104,5.01800818674716,5.01800818674716
22174.948137627773,51589.286884781715,5.010558710844089,5.010558710844089
22174.44180835854,51584.83883566095,4.989859642391147,4.989859642391147
22173.96700380116,51580.38766809561,4.9745264409606555,4.9745264409606555
22173.531864726043,51575.93257802163,4.993200442489125,4.993200442489125
22173.106100676516,51571.47656154419,5.022883115808967,5.022883115808967
22172.655040107395,51567.023046906965,5.038887741555685,5.038887741555685
22172.168995409826,51562.57299137791,5.072106364836781,5.072106364836781
22171.645680093192,51558.12662043217,5.0458967798217245,5.0458967798217245
22171.1518936761,51553.67733023783,5.025555171429469,5.025555171429469
22170.678672034213,51549.226007469195,5.014553949970618,5.014553949970618
22170.207643869442,51544.77446840456,5.016931771049062,5.016931771049062
22169.755692868705,51540.321044322336,5.030331813427045,5.030331813427045
22169.295709133832,51535.86841499713,5.0221117800900466,5.0221117800900466
22168.83159826712,51531.41619441782,4.985359423742304,4.985359423742304
22168.401906171366,51526.96057279024,5.0500408064759466,5.0500408064759466
22167.936921032513,51522.50844042894,5.05973521225312,5.05973521225312
22167.455823178807,51518.05790163893,5.020224733713205,5.020224733713205
22166.977650347937,51513.607074830594,4.960230790853642,4.960230790853642
22166.506543238334,51509.1555507844,4.923699543881452,4.923699543881452
22166.030392834906,51504.704526482026,4.944381096511493,4.944381096511493
22165.56127755697,51500.252808057456,4.979327516814261,4.979327516814261
22165.08108691031,51495.802185866094,4.990947479672394,4.990947479672394
22164.647345294696,51491.3469729756,5.03886874913981,5.03886874913981
22164.181659917136,51486.89491937595,5.0457688414296324,5.0457688414296324
22163.70393299162,51482.444057815796,5.054465529256983,5.054465529256983
22163.224674276724,51477.99334931774,5.072600546884983,5.072600546884983
22162.756875665764,51473.5415090967,5.086174356640195,5.086174356640195
22162.2995327104,51469.08863619186,5.0740931114719015,5.0740931114719015
22161.836487379693,51464.636328573455,5.034293220326627,5.034293220326627
22161.35524482592,51460.18582247358,5.019567457893369,5.019567457893369
22160.88888175059,51455.73384587886,5.056438252178996,5.056438252178996
22160.404190973066,51451.2836841064,5.057480656500465,5.057480656500465
22159.959052493068,51446.829609777036,5.038880915621269,5.038880915621269
22159.523854848296,51442.37455215816,5.020865024059309,5.020865024059309
22159.073004039965,51437.921044249946,4.991490933495404,4.991490933495404
22158.587930485977,51433.47092491483,4.964063615802285,4.964063615802285
22158.103273112098,51429.02076559838,4.964798051413277,4.964798051413277
22157.63509909986,51424.568975040325,4.977163055144625,4.977163055144625
22157.20916747739,51420.11300126808,4.9444157244095255,4.9444157244095255
22156.704304444323,51415.66484492482,4.985663819736832,4.985663819736832
22156.205595302003,51411.216079815276,5.024691439248261,5.024691439248261
22155.733861416436,51406.76464252875,5.047860429930835,5.047860429930835
22155.285874053065,51402.310851750575,5.039238065784909,5.039238065784909
22154.813998360798,51397.8594268346,5.039767061387536,5.039767061387536
22154.337492639093,51393.40845953531,5.0286093612575105,5.0286093612575105
22153.867290143997,51388.95686593263,5.021234702815842,5.021234702815842
22153.45062206084,51384.4999639076,5.061489713023667,5.061489713023667
22153.025285076226,51380.04391802526,5.064839207448329,5.064839207448329
22152.541362254724,51375.59367631117,5.070737056530174,5.070737056530174
22152.084554665413,51371.14074324402,5.05992935299985,5.05992935299985
22151.64352158893,51366.68624241742,5.03718285749674,5.03718285749674
22151.194315015913,51362.23254735466,5.042030000981013,5.042030000981013
22150.751267433305,51357.77823686018,5.044486394729526,5.044486394729526
22150.287622715132,51353.32596251412,5.056382515202709,5.056382515202709
22149.84952525579,51348.87115012141,5.081747627856233,5.081747627856233
22149.38551088231,51344.41889968657,5.066529828223521,5.066529828223521
22148.911878947052,51339.967594678674,5.060142744579328,5.060142744579328
22148.454571332608,51335.51466421866,5.054584561452955,5.054584561452955
22147.992319173296,51331.06221497677,5.044730021833238,5.044730021833238
22147.53538630371,51326.609229881346,5.044257344342827,5.044257344342827
22147.05983729894,51322.15807782946,5.041293055623904,5.041293055623904
22146.563797704297,51317.708942019424,5.048666569108515,5.048666569108515
22146.09780464397,51313.25682130318,5.041130247676473,5.041130247676473
22145.64890574665,51308.80300040903,5.050534036480983,5.050534036480983
22145.19023350205,51304.35013552653,5.062357888935186,5.062357888935186
22144.71648141902,51299.898744304446,5.072495223185804,5.072495223185804
22144.25292619818,51295.44634517901,5.048827498672529,5.048827498672529
22143.771985488325,51290.9956519587,5.025901351256182,5.025901351256182
22143.29773436544,51286.54428006831,5.010269921109445,5.010269921109445
22142.87502021331,51282.087829761964,5.029170561468669,5.029170561468669
22142.392922609164,51277.63722883099,5.04783492728302,5.04783492728302
22141.898675780252,51273.187821373824,5.0513179061211515,5.0513179061211515
22141.4029366396,51268.738562443876,5.035983525665871,5.035983525665871
22140.962293895915,51264.283894011736,5.05088623405503,5.05088623405503
22140.495211759917,51259.83184037041,5.09385999618006,5.09385999618006
22140.06689824307,51255.375999784665,5.088265314784595,5.088265314784595
22139.612511393978,51250.92274896863,5.0475964813017296,5.0475964813017296
22139.15507540902,51246.469832771734,5.019065863334532,5.019065863334532
22138.700906499012,51242.01663892245,4.995915551017137,4.995915551017137
22138.2385595839,51237.56429995742,4.9941096082707395,4.9941096082707395
22137.77553863074,51233.112088955415,5.006083669799469,5.006083669799469
22137.302312694155,51228.660953880506,5.02134208401353,5.02134208401353
22136.811464304163,51224.21163957227,5.032733565282899,5.032733565282899
22136.386388235172,51219.755945450546,5.018735849164371,5.018735849164371
22135.939627569067,51215.30248978522,5.01430511162722,5.01430511162722
22135.4720047663,51210.8512161126,5.013635895299007,5.013635895299007
22135.009226209208,51206.39960129374,5.034838185294693,5.034838185294693
22134.563232533612,51201.946457155704,5.025854056677958,5.025854056677958
22134.1100047011,51197.49416277478,5.016774049146517,5.016774049146517
22133.648314491682,51193.042837599234,5.020637747148615,5.020637747148615
22133.164926806334,51188.593806383644,5.029961948832603,5.029961948832603
22132.718685983724,51184.14111983366,5.007400045082242,5.007400045082242
22132.266517097487,51179.689071672794,5.013349201777039,5.013349201777039
22131.827757070518,51175.23565124941,5.030635788264688,5.030635788264688
22131.37828955772,51170.7832715508,5.018019010012596,5.018019010012596
22130.880106689456,51166.33582458282,5.001767407592353,5.001767407592353
22130.364097531536,51161.89014169327,4.9771315730287995,4.9771315730287995
22129.880171241628,51157.441030910275,4.992406819322096,4.992406819322096
22129.419792683,51152.989317323125,5.031928218100998,5.031928218100998
22128.980788264656,51148.535185373985,5.052014791986409,5.052014791986409
22128.56714858293,51144.0781913667,5.054798142787466,5.054798142787466
22128.122609357535,51139.624195259836,5.053626285968722,5.053626285968722
22127.631131364164,51135.1748703899,5.036258682160949,5.036258682160949
22127.17576354339,51130.7215445444,5.005242034262471,5.005242034262471
22126.696750513194,51126.27044388119,5.0106885554470315,5.0106885554470315
22126.22665239247,51121.81815958121,5.028819191969457,5.028819191969457
22125.78270468024,51117.36300692204,5.055508560072944,5.055508560072944
22125.312564071937,51112.91058976733,5.042713203253876,5.042713203253876
22124.83223985482,51108.45948955808,5.044453517074613,5.044453517074613
22124.359119204062,51104.00825384889,5.024474966379969,5.024474966379969
22123.87420357105,51099.559274926025,4.972953741296312,4.972953741296312
22123.39367824996,51095.11142274434,4.983491336087729,4.983491336087729
22122.929208110974,51090.664077111505,4.970283409119076,4.970283409119076
22122.45811592212,51086.22028936447,4.967851213901059,4.967851213901059
22121.998447130147,51081.77879939521,4.984131564325099,4.984131564325099
22121.55086701551,51077.33982727896,4.996295531782743,4.996295531782743
22121.100286322813,51072.905127879334,4.997808356183873,4.997808356183873
22120.631051410972,51068.476514381306,5.003649450683836,5.003649450683836
22120.158317156813,51064.05150637791,5.000398030668652,5.000398030668652
22119.71173578171,51059.62406488133,5.008060584574205,5.008060584574205
22119.24239659415,51055.199005106566,5.012186276279458,5.012186276279458
22118.758655683094,51050.77218018116,5.004260174883437,5.004260174883437
22118.29531108091,51046.33206072508,5.025145162586625,5.025145162586625
22117.864000255002,51041.867728495126,5.080863375905315,5.080863375905315
22117.42509912196,51037.3778918864,5.14821194687536,5.14821194687536
22116.903896328055,51032.87298806578,5.262336922678717,5.262336922678717
22116.24913960308,51028.362794044064,5.289710751798167,5.289710751798167
22115.35070909524,51023.884258418126,5.228132655152171,5.228132655152171
22114.211828518797,51019.44564949137,5.182893525498449,5.182893525498449
22112.776433002495,51015.082921125446,5.265380071318131,5.265380071318131
22111.083093311037,51010.79726468738,5.422989663333129,5.422989663333129
22109.1195587807,51006.6128451092,5.4949404699215085,5.4949404699215085
22106.904198200496,51002.54011076806,5.454925587302234,5.454925587302234
22104.451048647792,50998.59057740157,5.445583516055461,5.445583516055461
22101.73246205997,50994.806813644056,5.483471971191,5.483471971191
22098.74877376379,50991.220330761695,5.501270488573513,5.501270488573513
22095.523772804823,50987.84623068471,5.4889637462057355,5.4889637462057355
22092.11612643528,50984.65972438125,5.518975983586712,5.518975983586712
22088.550312973348,50981.65637605444,5.5398325992970445,5.5398325992970445
22084.85998121179,50978.810778519575,5.541684734252237,5.541684734252237
22080.990497049588,50976.216221947194,5.495647811317235,5.495647811317235
22077.042396340297,50973.74150798423,5.5329827631395565,5.5329827631395565
22073.009395086512,50971.38599476681,5.58336142893691,5.58336142893691
22068.838341071096,50969.26214707541,5.626310608740875,5.626310608740875
22064.502078831494,50967.49504047646,5.633319714563731,5.633319714563731
22060.036561885303,50966.094978796085,5.603705566976834,5.603705566976834
22055.497134293808,50964.984452083416,5.558778184123055,5.558778184123055
22050.929148709645,50964.02613993629,5.569795099747457,5.569795099747457
22046.322506894296,50963.286551669036,5.583023094437571,5.583023094437571
22041.68409404337,50962.803267413445,5.563650624943491,5.563650624943491
22037.028188399912,50962.63429839708,5.554681820113415,5.554681820113415
22032.378762563287,50962.783416131904,5.585844913921892,5.585844913921892
22027.760091760367,50963.25135624983,5.6011401041589375,5.6011401041589375
22023.183103580297,50963.9372925357,5.64367956475954,5.64367956475954
22018.666872225196,50964.89169175533,5.704849422968694,5.704849422968694
22014.21018104556,50966.03014567723,5.764407912766457,5.764407912766457
22009.800509976812,50967.28183018531,5.7932085825485915,5.7932085825485915
22005.41916334018,50968.59454889933,5.774294303051102,5.774294303051102
22001.088809314504,50970.05409247508,5.803407289471416,5.803407289471416
21996.783651157886,50971.586726689566,5.773251302191733,5.773251302191733
21992.528954988433,50973.25952855522,5.730140401636211,5.730140401636211
21988.347316881984,50975.10846306759,5.715273044328204,5.715273044328204
21984.25031636629,50977.135939082946,5.729234232058823,5.729234232058823
21980.199397162305,50979.256715446114,5.686656095036544,5.686656095036544
21976.224799514675,50981.51796180529,5.682473456325544,5.682473456325544
21972.285571709035,50983.847750813846,5.6866250484260465,5.6866250484260465
21968.453180557197,50986.347613695456,5.709950113626456,5.709950113626456
21964.74317497036,50989.02121232876,5.687233361921009,5.687233361921009
21961.133095129317,50991.82360226347,5.667328850974754,5.667328850974754
21957.595978628822,50994.71336463993,5.65417845481817,5.65417845481817
21954.124053797303,50997.678191381056,5.627114367189383,5.627114367189383
21950.75892206274,51000.759801086635,5.631195929053558,5.631195929053558
21947.4537972873,51003.9026292631,5.608743540661357,5.608743540661357
21944.26329895531,51007.15812942902,5.595628631726633,5.595628631726633
21941.1890499573,51010.5196551535,5.606668611170179,5.606668611170179
21938.177989389627,51013.93314041228,5.631470522375162,5.631470522375162
21935.227612827963,51017.39560968562,5.630744202190416,5.630744202190416
21932.369455198885,51020.93172167137,5.599794705086489,5.599794705086489
21929.62836279007,51024.55664351757,5.562862396771866,5.562862396771866
21927.00318536653,51028.26339290848,5.5448465677771255,5.5448465677771255
21924.470178657873,51032.0295192255,5.568597261295371,5.568597261295371
21922.008969253504,51035.837956334406,5.618404276792146,5.618404276792146
21919.588612533124,51039.667140837264,5.648214503082782,5.648214503082782
21917.22560923494,51043.52848787202,5.610977871284184,5.610977871284184
21915.044905714116,51047.49647674468,5.592610596778457,5.592610596778457
21912.949985745614,51051.50582856609,5.587850920156324,5.587850920156324
21910.97354215216,51055.57219778547,5.553054129491864,5.553054129491864
21909.064639037315,51059.66423697642,5.565560862385576,5.565560862385576
21907.182549056342,51063.76064621321,5.555466441483335,5.555466441483335
21905.467402610804,51067.930430655804,5.6108639130092,5.6108639130092
21903.838873936704,51072.12929672396,5.60498399246227,5.60498399246227
21902.33078834344,51076.369870292896,5.603081137435771,5.603081137435771
21900.85476736012,51080.61144327831,5.605331016354591,5.605331016354591
21899.462750386316,51084.87588545287,5.567757270542586,5.567757270542586
21898.15340890485,51089.16090098516,5.593708580400162,5.593708580400162
21896.867506528506,51093.4440098663,5.627551373747342,5.627551373747342
21895.621009071067,51097.73238370141,5.627968577515495,5.627968577515495
21894.519103263076,51102.059624659305,5.597854989208242,5.597854989208242
21893.51423359123,51106.40654043579,5.595241001597118,5.595241001597118
21892.540996746815,51110.752826581724,5.581188036208754,5.581188036208754
21891.607703479927,51115.10186954177,5.604263304757618,5.604263304757618
21890.743093742654,51119.46118927248,5.614805743163391,5.614805743163391
21889.95228487214,51123.8310237521,5.622669243520249,5.622669243520249
21889.254354790988,51128.214020320025,5.623388986976028,5.623388986976028
21888.627504742795,51132.60405262293,5.637604422918277,5.637604422918277
21888.043332561094,51136.995474992655,5.625689297537606,5.625689297537606
21887.530778496184,51141.3930128865,5.6108586470131305,5.6108586470131305
21887.11588435222,51145.79898756606,5.593329050335606,5.593329050335606
21886.74740977762,51150.205274250824,5.6259815240325395,5.6259815240325395
21886.348909742264,51154.60482873105,5.628181156050786,5.628181156050786
21885.956908103937,51159.00454536377,5.61616623959368,5.61616623959368
21885.600755218555,51163.40837940152,5.5804261391905445,5.5804261391905445
21885.32296786158,51167.81890270909,5.578759700335472,5.578759700335472
21885.09286156253,51172.23353647549,5.572212721213846,5.572212721213846
21884.934443926773,51176.65322428213,5.55284783117546,5.55284783117546
21884.832388803894,51181.07542939005,5.555854727060574,5.555854727060574
21884.767611731575,51185.50149543611,5.573037177745893,5.573037177745893
21884.725561468986,51189.94449383248,5.593758475175552,5.593758475175552
21884.69887084381,51194.406762745464,5.634534409233944,5.634534409233944
21884.679524512558,51198.88200001148,5.690336840160844,5.690336840160844
21884.678361711936,51203.36184314346,5.705210492870679,5.705210492870679
21884.614169177614,51207.8456165876,5.680212394576351,5.680212394576351
21884.551502999166,51212.32858509766,5.676678796562134,5.676678796562134
21884.515132502565,51216.809141492304,5.705000663915614,5.705000663915614
21884.49795043973,51221.28818981783,5.765271056916955,5.765271056916955
21884.47974827437,51225.76746846101,5.816084549773709,5.816084549773709
21884.44363100179,51230.2477893232,5.803814122527934,5.803814122527934
21884.354844410667,51234.730343007584,5.812225800337981,5.812225800337981
21884.29493594064,51239.21198091813,5.83456507710206,5.83456507710206
21884.231836042272,51243.69355592871,5.868010464030398,5.868010464030398
21884.165388969224,51248.174898809375,5.898314623538439,5.898314623538439
21884.128769460513,51252.655079025666,5.875726061740135,5.875726061740135
21884.084314332114,51257.13569081489,5.860386152046709,5.860386152046709
21884.027331257745,51261.61708493367,5.9008841264783545,5.9008841264783545
21883.998646728178,51266.0975699385,5.973107972310997,5.973107972310997
21883.94911437417,51270.578480328084,6.00523033976927,6.00523033976927
21883.83640594979,51275.060851901195,5.9690796102617085,5.9690796102617085
21883.696366402502,51279.543461289286,5.926651772151223,5.926651772151223
21883.595581530797,51284.02511877278,5.893706622744423,5.893706622744423
21883.50976574191,51288.50748210469,5.865192588048705,5.865192588048705
21883.52020032354,51292.98807296155,5.930041755898753,5.930041755898753
21883.545746034415,51297.46840068158,6.009860184924583,6.009860184924583
21883.538123269478,51301.94876586617,6.0344523093890015,6.0344523093890015
21883.46804212214,51306.42987310975,6.039792469869465,6.039792469869465
21883.376345167304,51310.910988998054,6.043669498608369,6.043669498608369
21883.306744220332,51315.391161244,6.051258284060197,6.051258284060197
21883.272209829636,51319.87044161222,6.058762565468262,6.058762565468262
21883.268857645155,51324.34925986244,6.055482383764607,6.055482383764607
21883.270913693996,51328.82832508226,6.0346953630301545,6.0346953630301545
21883.29104194599,51333.30706803902,6.015016074157663,6.015016074157663
21883.347101548454,51337.78469013747,6.001745805892472,6.001745805892472
21883.40307657073,51342.26224508368,6.025040390511443,6.025040390511443
21883.46581045674,51346.73926975447,6.0417980081970875,6.0417980081970875
21883.542108950474,51351.21525672748,6.038786723241359,6.038786723241359
21883.63083137672,51355.690075427294,6.032631092675004,6.032631092675004
21883.758548401587,51360.163850842706,6.01186454363766,6.01186454363766
21883.90907447233,51364.640858711806,6.008826119706791,6.008826119706791
21884.028209145567,51369.12961292514,6.057059650246733,6.057059650246733
21884.250259430497,51373.62502497148,6.009049817278236,6.009049817278236
21884.468284759667,51378.12241863475,5.982293716612269,5.982293716612269
21884.74715519424,51382.61024414032,5.974024250441722,5.974024250441722
21885.01886753992,51387.09123814107,5.947852556059563,5.947852556059563
21885.25942176507,51391.570685930674,5.962892745406074,5.962892745406074
21885.54170686143,51396.05070700451,5.98563779559187,5.98563779559187
21885.831161157665,51400.53758495162,6.01592265874626,6.01592265874626
21886.14728373417,51405.02763872348,6.045170233736502,6.045170233736502
21886.5153858855,51409.511062895646,6.058086012807847,6.058086012807847
21886.88784160374,51413.98802553576,6.060786723447982,6.060786723447982
21887.255922956116,51418.457966264294,6.071406912388938,6.071406912388938
21887.62010085622,51422.921640423476,6.090757014624426,6.090757014624426
21888.034915118347,51427.37738358961,6.094382742964434,6.094382742964434
21888.475867833535,51431.82926666469,6.0809869440429525,6.0809869440429525
21888.9311308206,51436.279786659376,6.061475343922499,6.061475343922499
21889.359313229852,51440.73349949911,6.0671221497060115,6.0671221497060115
21889.827602527563,51445.18477893261,6.064294748063065,6.064294748063065
21890.319162705004,51449.63474523425,6.063894608259105,6.063894608259105
21890.806301792072,51454.085604945896,6.058142505083438,6.058142505083438
21891.28359707829,51458.53766681222,6.034593723515655,6.034593723515655
21891.7480538829,51462.99104441695,6.002262492693306,6.002262492693306
21892.204364444042,51467.44522565099,5.973281246731223,5.973281246731223
21892.640916200166,51471.90114513423,5.964540249633265,5.964540249633265
21893.08256807903,51476.356568813906,5.955045207747342,5.955045207747342
21893.556478764018,51480.809059046034,5.961797549475299,5.961797549475299
21894.036515128097,51485.26087397228,5.964481689301336,5.964481689301336
21894.488456198334,51489.715021638214,5.996612277509344,5.996612277509344
21894.91201052478,51494.1715407289,6.054683970087573,6.054683970087573
21895.34398004625,51498.62720602982,6.072475398308167,6.072475398308167
21895.765734173187,51503.08368788147,6.07614620952025,6.07614620952025
21896.181029895568,51507.54067261058,6.062313449414222,6.062313449414222
21896.663315637506,51511.99169426484,6.051733106373489,6.051733106373489
21897.168525816873,51516.44066412331,6.06067197237344,6.06067197237344
21897.659264753063,51520.8908973534,6.056473083019547,6.056473083019547
21898.11759232871,51525.34398404781,6.032504464650831,6.032504464650831
21898.554865104295,51529.798927384305,6.007834781491605,6.007834781491605
21899.020432256686,51534.251388131,6.020090475193775,6.020090475193775
21899.488527707133,51538.70364145948,6.038676980051723,6.038676980051723
21899.952309574568,51543.15629173104,6.052901347274954,6.052901347274954
21900.381385238245,51547.612008617616,6.035890957949919,6.035890957949919
21900.829173012717,51552.06609854192,6.043312775624584,6.043312775624584
21901.289231820178,51556.51912904682,6.031274416392377,6.031274416392377
21901.702451031284,51560.976285901284,5.969870647260611,5.969870647260611
21902.168489537828,51565.42882518795,5.965167442777311,5.965167442777311
21902.63197799638,51569.881603714726,6.00087795510573,6.00087795510573
21903.088929913523,51574.33496895378,6.034686730024108,6.034686730024108
21903.544156332,51578.78849684038,6.056802200507913,6.056802200507913
21904.00821597276,51583.24125969448,6.050254660185297,6.050254660185297
21904.468614325742,51587.6943508758,6.00880207773078,6.00880207773078
21904.921641834677,51592.148093885975,5.983121924800794,5.983121924800794
21905.357119701628,51596.60337978683,5.986006696885238,5.986006696885238
21905.801559446685,51601.05788321768,5.999345287058504,5.999345287058504
21906.282327568682,51605.509202688976,6.0370393227059385,6.0370393227059385
21906.756451854406,51609.961104707036,6.059814223011334,6.059814223011334
21907.19050068215,51614.416521568,6.058849083979815,6.058849083979815
21907.619334085866,51618.87239562621,6.050008375470957,6.050008375470957
21908.056797831887,51623.32751132472,6.041561635826622,6.041561635826622
21908.51376694478,51627.78091297847,6.030345386451917,6.030345386451917
21908.99218621855,51632.23242834224,6.022780117462968,6.022780117462968
21909.456877130204,51636.68514544229,6.024087272728106,6.024087272728106
21909.896517681726,51641.14005931852,6.042369963492474,6.042369963492474
21910.33701646033,51645.594894914364,5.984742849311669,5.984742849311669
21910.81254093394,51650.04665005461,5.952500326553178,5.952500326553178
21911.302314858152,51654.49714937461,5.9571493311422525,5.9571493311422525
21911.6855248243,51658.957010269456,5.999805967559597,5.999805967559597
21912.119672253506,51663.41239254149,6.033982936335066,6.033982936335066
21912.58160224656,51667.86533066115,6.069632844393016,6.069632844393016
21913.035878891347,51672.31893937746,6.084335199838112,6.084335199838112
21913.517019950534,51676.770185564616,6.090555041857044,6.090555041857044
21914.00014676619,51681.22125667389,6.095275812144872,6.095275812144872
21914.447611175274,51685.67546168307,6.065758984227466,6.065758984227466
21914.901825729503,51690.1290739558,6.040967817374155,6.040967817374155
21915.361292257596,51694.58222607131,6.0361684988599364,6.0361684988599364
21915.855376784326,51699.03234047452,6.076207317683668,6.076207317683668
21916.31852605201,51703.485175209804,6.085192591517022,6.085192591517022
21916.776276640623,51707.93848774258,6.08382426080995,6.08382426080995
21917.231340231996,51712.392040481966,6.085892653591409,6.085892653591409
21917.69267520805,51716.845048382995,6.116257445677566,6.116257445677566
21918.149458338117,51721.29846142814,6.122456855283266,6.122456855283266
21918.59652621767,51725.75273195747,6.116820343999407,6.116820343999407
21919.040050067088,51730.20731884298,6.109889185850249,6.109889185850249
21919.493745946354,51734.66102176925,6.111594598337642,6.111594598337642
21919.9190274706,51739.11721673855,6.08477130715774,6.08477130715774
21920.373581020805,51743.5708579761,6.079426182053951,6.079426182053951
21920.862789736122,51748.02148667766,6.069215407108495,6.069215407108495
21921.285900196453,51752.47781363418,6.021113903263383,6.021113903263383
